{
    "exact": 72.4809885931559,
    "f1": 83.75885171425412,
    "total": 4208,
    "HasAns_exact": 65.33665835411472,
    "HasAns_f1": 80.1300648421388,
    "HasAns_total": 3208,
    "NoAns_exact": 95.4,
    "NoAns_f1": 95.4,
    "NoAns_total": 1000,
    "best_exact": 72.4809885931559,
    "best_exact_thresh": -0.011371111869811934,
    "best_f1": 83.75885171425402,
    "best_f1_thresh": -0.011371111869811934
}
